use student;

SET FOREIGN_KEY_CHECKS = 0;
TRUNCATE TABLE student;
SET FOREIGN_KEY_CHECKS = 1;

INSERT INTO Student (first_name, last_name, gender, dob, email, phone, address, admission_date) VALUES
('Aditya', 'Nair', 'Male', '2004-04-05', 'aditya.nair854@example.com', '9181960013', 'Darbhanga, Bihar', '2024-10-07'),
('Anjali', 'Bose', 'Female', '2007-05-26', 'anjali.bose990@example.com', '9026542351', 'Gopalganj, Bihar', '2025-06-12'),
('Payal', 'Kumar', 'Female', '2008-08-18', 'payal.kumar227@example.com', '9618495931', 'Siwan, Bihar', '2024-12-10'),
('Suraj', 'Mishra', 'Male', '2006-05-15', 'suraj.mishra750@example.com', '9525534192', 'Nalanda, Bihar', '2024-07-15'),
('Priyanka', 'Pathak', 'Female', '2004-11-11', 'priyanka.pathak963@example.com', '9030564139', 'Begusarai, Bihar', '2024-11-16'),
('Kritika', 'Jaiswal', 'Female', '2005-03-08', 'kritika.jaiswal862@example.com', '9884969653', 'Patna, Bihar', '2025-06-25'),
('Sandeep', 'Jaiswal', 'Male', '2008-03-26', 'sandeep.jaiswal796@example.com', '9691669784', 'Nalanda, Bihar', '2024-11-24'),
('Rishabh', 'Nair', 'Male', '2008-06-04', 'rishabh.nair400@example.com', '9627048281', 'Purnia, Bihar', '2024-07-12'),
('Yuvraj', 'Shukla', 'Male', '2003-10-11', 'yuvraj.shukla600@example.com', '9015430391', 'Gopalganj, Bihar', '2025-12-03'),
('Rajesh', 'Roy', 'Male', '2007-03-09', 'rajesh.roy640@example.com', '9963834657', 'Vaishali, Bihar', '2025-06-08'),
('Rudra', 'Sinha', 'Male', '2003-10-18', 'rudra.sinha335@example.com', '9930103105', 'Gopalganj, Bihar', '2024-08-22'),
('Preeti', 'Trivedi', 'Female', '2004-12-19', 'preeti.trivedi690@example.com', '9737631165', 'Samastipur, Bihar', '2025-09-28'),
('Deepak', 'Singh', 'Male', '2006-12-11', 'deepak.singh919@example.com', '9133387262', 'Katihar, Bihar', '2025-07-28'),
('Ramesh', 'Pathak', 'Male', '2003-01-21', 'ramesh.pathak653@example.com', '9013267736', 'Siwan, Bihar', '2024-09-01'),
('Payal', 'Chatterjee', 'Female', '2005-07-23', 'payal.chatterjee848@example.com', '9872343098', 'Siwan, Bihar', '2025-06-02'),
('Radha', 'Shukla', 'Female', '2004-01-17', 'radha.shukla182@example.com', '9219136193', 'Munger, Bihar', '2024-10-03'),
('Damini', 'Rathore', 'Female', '2007-06-09', 'damini.rathore309@example.com', '9534624751', 'Chapra, Bihar', '2025-10-19'),
('Shaurya', 'Trivedi', 'Male', '2004-09-09', 'shaurya.trivedi235@example.com', '9513542784', 'Rohtas, Bihar', '2024-11-27'),
('Priya', 'Chaudhary', 'Female', '2005-02-04', 'priya.chaudhary860@example.com', '9824493534', 'Vaishali, Bihar', '2025-08-28'),
('Amitabh', 'Das', 'Male', '2005-01-01', 'amitabh.das441@example.com', '9242786801', 'Gopalganj, Bihar', '2024-10-02'),
('Damini', 'Pathak', 'Female', '2004-07-05', 'damini.pathak142@example.com', '9450533158', 'Samastipur, Bihar', '2024-07-28'),
('Sushant', 'Sen', 'Male', '2003-03-24', 'sushant.sen440@example.com', '9634216073', 'Gaya, Bihar', '2025-08-10'),
('Ankit', 'Gupta', 'Male', '2008-04-13', 'ankit.gupta436@example.com', '9414586850', 'Motihari, Bihar', '2025-07-19'),
('Myra', 'Mishra', 'Female', '2007-07-12', 'myra.mishra846@example.com', '9569816934', 'Siwan, Bihar', '2025-06-17'),
('Mukesh', 'Das', 'Male', '2003-11-11', 'mukesh.das738@example.com', '9514846564', 'Nalanda, Bihar', '2024-07-14'),
('Neha', 'Bhardwaj', 'Female', '2007-05-13', 'neha.bhardwaj661@example.com', '9044369957', 'Bhagalpur, Bihar', '2025-11-07'),
('Pooja', 'Pandey', 'Female', '2005-09-22', 'pooja.pandey748@example.com', '9951343320', 'Siwan, Bihar', '2024-09-20'),
('Satish', 'Sen', 'Male', '2008-10-07', 'satish.sen835@example.com', '9676320163', 'Muzaffarpur, Bihar', '2025-06-18'),
('Vikram', 'Chatterjee', 'Male', '2004-08-22', 'vikram.chatterjee643@example.com', '9895798687', 'Muzaffarpur, Bihar', '2025-09-09'),
('Pradeep', 'Shukla', 'Male', '2006-11-08', 'pradeep.shukla381@example.com', '9714345581', 'Patna, Bihar', '2024-07-13'),
('Karan', 'Yadav', 'Male', '2006-07-11', 'karan.yadav655@example.com', '9760366909', 'Sitamarhi, Bihar', '2025-06-12'),
('Isha', 'Sen', 'Female', '2007-12-24', 'isha.sen659@example.com', '9937346706', 'Begusarai, Bihar', '2025-11-06'),
('Nisha', 'Bhardwaj', 'Female', '2007-01-13', 'nisha.bhardwaj706@example.com', '9901627204', 'Sitamarhi, Bihar', '2025-07-15'),
('Nirmala', 'Kumari', 'Female', '2005-07-09', 'nirmala.kumari954@example.com', '9170805310', 'Chapra, Bihar', '2024-07-27'),
('Manoj', 'Saxena', 'Male', '2004-08-22', 'manoj.saxena217@example.com', '9937452991', 'Muzaffarpur, Bihar', '2025-06-19'),
('Vinod', 'Rathore', 'Male', '2008-07-13', 'vinod.rathore832@example.com', '9319314919', 'Siwan, Bihar', '2025-10-14'),
('Aadhya', 'Malviya', 'Female', '2008-06-01', 'aadhya.malviya969@example.com', '9671657262', 'Vaishali, Bihar', '2025-10-26'),
('Lavanya', 'Das', 'Female', '2008-10-09', 'lavanya.das430@example.com', '9314737996', 'Begusarai, Bihar', '2024-09-28'),
('Kavita', 'Ghosh', 'Female', '2004-06-26', 'kavita.ghosh364@example.com', '9549480831', 'Darbhanga, Bihar', '2025-09-18'),
('Praveen', 'Ghosh', 'Male', '2006-01-03', 'praveen.ghosh401@example.com', '9363495788', 'Arrah, Bihar', '2025-11-18'),
('Divya', 'Chatterjee', 'Female', '2005-05-09', 'divya.chatterjee336@example.com', '9135182337', 'Katihar, Bihar', '2025-06-27'),
('Sanjay', 'Choudhary', 'Male', '2005-03-10', 'sanjay.choudhary114@example.com', '9824008427', 'Motihari, Bihar', '2024-10-10'),
('Nandini', 'Bose', 'Female', '2005-03-02', 'nandini.bose358@example.com', '9711671902', 'Patna, Bihar', '2025-06-08'),
('Sameer', 'Sen', 'Male', '2007-10-26', 'sameer.sen733@example.com', '9386774964', 'Munger, Bihar', '2024-10-24'),
('Vishal', 'Tiwari', 'Male', '2005-11-03', 'vishal.tiwari260@example.com', '9328120679', 'Saran, Bihar', '2025-06-08'),
('Rekha', 'Chatterjee', 'Female', '2003-11-08', 'rekha.chatterjee370@example.com', '9936183242', 'Gopalganj, Bihar', '2024-07-26'),
('Bhumi', 'Dubey', 'Female', '2006-02-15', 'bhumi.dubey805@example.com', '9464887719', 'Siwan, Bihar', '2025-11-11'),
('Saanvi', 'Pandey', 'Female', '2004-11-27', 'saanvi.pandey981@example.com', '9990490278', 'Bhagalpur, Bihar', '2025-07-19'),
('Om Wati', 'Pandey', 'Female', '2006-06-14', 'omwati.pandey441@example.com', '9512567468', 'Siwan, Bihar', '2025-06-11'),
('Lata', 'Verma', 'Female', '2006-09-27', 'lata.verma101@example.com', '9876038597', 'Bhagalpur, Bihar', '2024-07-09'),
('Ravi', 'Bose', 'Male', '2008-08-04', 'ravi.bose129@example.com', '9932480861', 'Darbhanga, Bihar', '2024-09-04'),
('Dev', 'Dubey', 'Male', '2007-12-09', 'dev.dubey525@example.com', '9773782639', 'Vaishali, Bihar', '2024-12-03'),
('Ekta', 'Sinha', 'Female', '2007-05-27', 'ekta.sinha102@example.com', '9449972787', 'Arrah, Bihar', '2025-10-25'),
('Kritika', 'Prasad', 'Female', '2004-12-08', 'kritika.prasad685@example.com', '9636057662', 'Saran, Bihar', '2024-07-17'),
('Soni', 'Bose', 'Female', '2003-09-15', 'soni.bose115@example.com', '9262174596', 'Gopalganj, Bihar', '2025-12-22'),
('Geeta', 'Ghosh', 'Female', '2007-01-20', 'geeta.ghosh170@example.com', '9343161172', 'Purnia, Bihar', '2024-06-11'),
('Sanjay', 'Ranjan', 'Male', '2005-07-05', 'sanjay.ranjan350@example.com', '9869222196', 'Rohtas, Bihar', '2024-09-19'),
('Suraj', 'Chatterjee', 'Male', '2008-05-15', 'suraj.chatterjee361@example.com', '9074821759', 'Purnia, Bihar', '2025-11-09'),
('Anita', 'Mehta', 'Female', '2006-08-04', 'anita.mehta342@example.com', '9695944064', 'Chapra, Bihar', '2024-10-24'),
('Rekha', 'Choudhary', 'Female', '2007-06-08', 'rekha.choudhary751@example.com', '9394210470', 'Munger, Bihar', '2025-11-05'),
('Sanjay', 'Prasad', 'Male', '2008-07-06', 'sanjay.prasad305@example.com', '9285884247', 'Purnia, Bihar', '2025-12-04'),
('Pari', 'Jaiswal', 'Female', '2004-11-24', 'pari.jaiswal790@example.com', '9685160481', 'Bhagalpur, Bihar', '2025-11-24'),
('Damini', 'Kumari', 'Female', '2008-06-04', 'damini.kumari791@example.com', '9370985931', 'Bhagalpur, Bihar', '2025-11-14'),
('Anil', 'Kumar', 'Male', '2003-05-16', 'anil.kumar218@example.com', '9138267586', 'Munger, Bihar', '2024-09-21'),
('Chirag', 'Bhardwaj', 'Male', '2006-05-02', 'chirag.bhardwaj806@example.com', '9537735158', 'Arrah, Bihar', '2024-09-09'),
('Vikram', 'Chatterjee', 'Male', '2003-11-07', 'vikram.chatterjee757@example.com', '9900532931', 'Nalanda, Bihar', '2024-10-07'),
('Yash', 'Jaiswal', 'Male', '2007-01-09', 'yash.jaiswal979@example.com', '9228421020', 'Arrah, Bihar', '2024-10-11'),
('Sushant', 'Bhatt', 'Male', '2003-03-24', 'sushant.bhatt531@example.com', '9811775891', 'Bhagalpur, Bihar', '2024-10-02'),
('Kritika', 'Gupta', 'Female', '2003-08-28', 'kritika.gupta511@example.com', '9617711592', 'Gopalganj, Bihar', '2024-08-20'),
('Tanya', 'Solanki', 'Female', '2007-05-15', 'tanya.solanki617@example.com', '9961183673', 'Samastipur, Bihar', '2025-12-15'),
('Ekta', 'Mishra', 'Female', '2005-07-11', 'ekta.mishra781@example.com', '9452711116', 'Motihari, Bihar', '2025-12-05'),
('Sameer', 'Pathak', 'Male', '2005-11-04', 'sameer.pathak520@example.com', '9560494519', 'Vaishali, Bihar', '2024-07-22'),
('Anjali', 'Mishra', 'Female', '2005-09-12', 'anjali.mishra217@example.com', '9493689980', 'Rohtas, Bihar', '2025-06-06'),
('Sarita', 'Sinha', 'Female', '2005-01-06', 'sarita.sinha990@example.com', '9296120183', 'Sitamarhi, Bihar', '2025-09-11'),
('Sunil', 'Agarwal', 'Male', '2008-06-25', 'sunil.agarwal681@example.com', '9910229014', 'Bhagalpur, Bihar', '2025-09-20'),
('Ekta', 'Nair', 'Female', '2004-09-04', 'ekta.nair453@example.com', '9614978403', 'Sitamarhi, Bihar', '2024-06-07'),
('Preeti', 'Chaudhary', 'Female', '2005-05-11', 'preeti.chaudhary222@example.com', '9076226838', 'Nalanda, Bihar', '2025-06-13'),
('Alok', 'Gupta', 'Male', '2006-02-28', 'alok.gupta420@example.com', '9969664160', 'Begusarai, Bihar', '2024-12-20'),
('Riya', 'Pandey', 'Female', '2006-02-08', 'riya.pandey546@example.com', '9968164535', 'Muzaffarpur, Bihar', '2024-10-21'),
('Parth', 'Malviya', 'Male', '2004-06-12', 'parth.malviya844@example.com', '9231243292', 'Gopalganj, Bihar', '2024-12-21'),
('Lavanya', 'Rathore', 'Female', '2007-08-22', 'lavanya.rathore678@example.com', '9955271774', 'Katihar, Bihar', '2024-08-17'),
('Vinod', 'Chatterjee', 'Male', '2006-01-02', 'vinod.chatterjee477@example.com', '9411998679', 'Nalanda, Bihar', '2024-09-26'),
('Rohan', 'Solanki', 'Male', '2006-09-05', 'rohan.solanki163@example.com', '9715182037', 'Bhagalpur, Bihar', '2024-08-12'),
('Isha', 'Sen', 'Female', '2005-11-20', 'isha.sen153@example.com', '9515186449', 'Patna, Bihar', '2025-06-19'),
('Naveen', 'Agarwal', 'Male', '2008-12-22', 'naveen.agarwal501@example.com', '9291486528', 'Gopalganj, Bihar', '2025-10-12'),
('Mukesh', 'Agarwal', 'Male', '2004-04-11', 'mukesh.agarwal884@example.com', '9733221418', 'Nalanda, Bihar', '2024-11-11'),
('Ashok', 'Jaiswal', 'Male', '2004-03-27', 'ashok.jaiswal809@example.com', '9927065379', 'Purnia, Bihar', '2025-07-18'),
('Vinod', 'Roy', 'Male', '2004-06-22', 'vinod.roy684@example.com', '9774688623', 'Rohtas, Bihar', '2024-12-09'),
('Kunal', 'Devi', 'Male', '2007-02-23', 'kunal.devi966@example.com', '9814124782', 'Samastipur, Bihar', '2024-07-27'),
('Kavya', 'Gupta', 'Female', '2006-01-13', 'kavya.gupta614@example.com', '9536153051', 'Begusarai, Bihar', '2024-07-02'),
('Madhu', 'Chaudhary', 'Female', '2008-08-15', 'madhu.chaudhary730@example.com', '9010432898', 'Samastipur, Bihar', '2024-12-10'),
('Ajay', 'Verma', 'Male', '2003-04-14', 'ajay.verma754@example.com', '9971179808', 'Munger, Bihar', '2024-11-05'),
('Farha', 'Sharma', 'Female', '2007-06-08', 'farha.sharma684@example.com', '9621851888', 'Vaishali, Bihar', '2024-09-28'),
('Kiara', 'Kumari', 'Female', '2005-05-24', 'kiara.kumari116@example.com', '9515319520', 'Arrah, Bihar', '2025-12-21'),
('Girish', 'Roy', 'Male', '2008-03-26', 'girish.roy238@example.com', '9170430305', 'Purnia, Bihar', '2025-12-18'),
('Sonali', 'Kumar', 'Female', '2008-04-10', 'sonali.kumar465@example.com', '9054156676', 'Begusarai, Bihar', '2024-09-23'),
('Simran', 'Shukla', 'Female', '2005-02-24', 'simran.shukla534@example.com', '9169284511', 'Begusarai, Bihar', '2025-08-15'),
('Pooja', 'Bose', 'Female', '2005-08-02', 'pooja.bose844@example.com', '9596401658', 'Muzaffarpur, Bihar', '2024-07-28'),
('Myra', 'Chaudhary', 'Female', '2003-04-25', 'myra.chaudhary760@example.com', '9556909275', 'Arrah, Bihar', '2025-12-03'),
('Parth', 'Devi', 'Male', '2006-06-21', 'parth.devi385@example.com', '9310278681', 'Katihar, Bihar', '2025-11-15'),
('Ravi', 'Ghosh', 'Male', '2004-02-05', 'ravi.ghosh973@example.com', '9172715518', 'Nalanda, Bihar', '2025-08-28'),
('Sushant', 'Devi', 'Male', '2007-04-04', 'sushant.devi305@example.com', '9237058957', 'Nalanda, Bihar', '2024-10-03'),
('Vinod', 'Jha', 'Male', '2008-12-16', 'vinod.jha638@example.com', '9669125177', 'Vaishali, Bihar', '2025-07-27'),
('Rajesh', 'Das', 'Male', '2007-01-27', 'rajesh.das227@example.com', '9824225358', 'Purnia, Bihar', '2024-08-07'),
('Nisha', 'Agarwal', 'Female', '2007-09-03', 'nisha.agarwal614@example.com', '9299229959', 'Siwan, Bihar', '2024-06-02'),
('Kajal', 'Rathore', 'Female', '2006-10-21', 'kajal.rathore131@example.com', '9784473647', 'Gopalganj, Bihar', '2024-07-15'),
('Nandini', 'Chatterjee', 'Female', '2004-06-20', 'nandini.chatterjee247@example.com', '9555625881', 'Begusarai, Bihar', '2024-09-04'),
('Jyoti', 'Saxena', 'Female', '2004-02-02', 'jyoti.saxena397@example.com', '9696325953', 'Muzaffarpur, Bihar', '2025-10-15'),
('Sarita', 'Ghosh', 'Female', '2003-02-13', 'sarita.ghosh617@example.com', '9733950047', 'Rohtas, Bihar', '2025-08-18'),
('Gaurav', 'Das', 'Male', '2004-05-24', 'gaurav.das474@example.com', '9650609835', 'Nalanda, Bihar', '2025-06-13'),
('Zara', 'Nair', 'Female', '2007-11-20', 'zara.nair221@example.com', '9216558523', 'Rohtas, Bihar', '2025-10-02'),
('Kabir', 'Chaudhary', 'Male', '2008-06-26', 'kabir.chaudhary585@example.com', '9872982595', 'Muzaffarpur, Bihar', '2025-10-24'),
('Nirmala', 'Malviya', 'Female', '2007-09-16', 'nirmala.malviya825@example.com', '9947055169', 'Purnia, Bihar', '2024-10-16'),
('Damini', 'Rathore', 'Female', '2004-12-02', 'damini.rathore697@example.com', '9728962309', 'Motihari, Bihar', '2024-06-15'),
('Ekta', 'Jaiswal', 'Female', '2006-12-07', 'ekta.jaiswal520@example.com', '9897028385', 'Saran, Bihar', '2025-08-06'),
('Varsha', 'Sinha', 'Female', '2007-06-22', 'varsha.sinha890@example.com', '9497334843', 'Purnia, Bihar', '2025-11-07'),
('Geeta', 'Roy', 'Female', '2005-09-26', 'geeta.roy838@example.com', '9441986652', 'Purnia, Bihar', '2024-08-23'),
('Naveen', 'Bose', 'Male', '2008-05-24', 'naveen.bose590@example.com', '9338484219', 'Munger, Bihar', '2024-07-02'),
('Suraj', 'Singh', 'Male', '2003-07-11', 'suraj.singh834@example.com', '9712082677', 'Gaya, Bihar', '2025-08-10'),
('Amitabh', 'Rathore', 'Male', '2004-09-24', 'amitabh.rathore840@example.com', '9026206724', 'Siwan, Bihar', '2024-08-19'),
('Yash', 'Dubey', 'Male', '2006-11-18', 'yash.dubey636@example.com', '9728743152', 'Bhagalpur, Bihar', '2025-11-06'),
('Aman', 'Dubey', 'Male', '2007-11-25', 'aman.dubey297@example.com', '9296685161', 'Muzaffarpur, Bihar', '2024-09-11'),
('Aarav', 'Bhatt', 'Male', '2006-04-15', 'aarav.bhatt871@example.com', '9454990453', 'Siwan, Bihar', '2024-09-10'),
('Gopal', 'Malviya', 'Male', '2008-05-23', 'gopal.malviya220@example.com', '9459332727', 'Rohtas, Bihar', '2025-09-23'),
('Varsha', 'Tiwari', 'Female', '2004-11-25', 'varsha.tiwari710@example.com', '9187851910', 'Nalanda, Bihar', '2024-10-18'),
('Pankaj', 'Prasad', 'Male', '2007-08-04', 'pankaj.prasad796@example.com', '9397187072', 'Vaishali, Bihar', '2025-09-19'),
('Sameer', 'Chatterjee', 'Male', '2008-05-24', 'sameer.chatterjee122@example.com', '9640391065', 'Gopalganj, Bihar', '2024-06-16'),
('Ravi', 'Sen', 'Male', '2004-03-25', 'ravi.sen756@example.com', '9656766182', 'Arrah, Bihar', '2024-07-18'),
('Urvashi', 'Chaudhary', 'Female', '2008-04-27', 'urvashi.chaudhary103@example.com', '9047868633', 'Bhagalpur, Bihar', '2025-07-09'),
('Sandeep', 'Kumar', 'Male', '2008-07-20', 'sandeep.kumar884@example.com', '9033119079', 'Siwan, Bihar', '2024-11-02'),
('Heena', 'Choudhary', 'Female', '2007-04-25', 'heena.choudhary984@example.com', '9028439599', 'Begusarai, Bihar', '2024-08-05'),
('Mohit', 'Agarwal', 'Male', '2005-01-18', 'mohit.agarwal705@example.com', '9268705685', 'Samastipur, Bihar', '2025-07-10'),
('Kavita', 'Trivedi', 'Female', '2006-04-28', 'kavita.trivedi330@example.com', '9427086688', 'Patna, Bihar', '2025-07-09'),
('Yash', 'Pandey', 'Male', '2006-06-03', 'yash.pandey648@example.com', '9304699013', 'Munger, Bihar', '2024-09-07'),
('Anita', 'Sharma', 'Female', '2004-04-24', 'anita.sharma220@example.com', '9739363854', 'Sitamarhi, Bihar', '2025-10-21'),
('Sarita', 'Bhatt', 'Female', '2005-09-16', 'sarita.bhatt577@example.com', '9175355609', 'Darbhanga, Bihar', '2024-06-09'),
('Seema', 'Jaiswal', 'Female', '2004-06-08', 'seema.jaiswal488@example.com', '9937854777', 'Muzaffarpur, Bihar', '2025-07-05'),
('Kavita', 'Trivedi', 'Female', '2008-01-17', 'kavita.trivedi134@example.com', '9100623120', 'Gaya, Bihar', '2025-08-02'),
('Om Wati', 'Gupta', 'Female', '2003-09-18', 'omwati.gupta521@example.com', '9008484086', 'Muzaffarpur, Bihar', '2024-06-17'),
('Amit', 'Mehta', 'Male', '2007-09-09', 'amit.mehta934@example.com', '9546156793', 'Darbhanga, Bihar', '2025-11-27'),
('Kabir', 'Pandey', 'Male', '2006-07-13', 'kabir.pandey665@example.com', '9700217659', 'Motihari, Bihar', '2024-07-07'),
('Priyanka', 'Kumar', 'Female', '2003-11-09', 'priyanka.kumar656@example.com', '9902503926', 'Gopalganj, Bihar', '2025-07-19'),
('Tanmay', 'Kumari', 'Male', '2008-09-11', 'tanmay.kumari493@example.com', '9218501631', 'Begusarai, Bihar', '2025-12-11'),
('Saurabh', 'Bose', 'Male', '2006-04-12', 'saurabh.bose666@example.com', '9662961943', 'Gopalganj, Bihar', '2024-08-05'),
('Sunita', 'Kumari', 'Female', '2005-06-04', 'sunita.kumari193@example.com', '9047541212', 'Samastipur, Bihar', '2025-10-18'),
('Priya', 'Gupta', 'Female', '2003-06-18', 'priya.gupta195@example.com', '9995604661', 'Nalanda, Bihar', '2024-10-17'),
('Ashok', 'Thakur', 'Male', '2004-05-10', 'ashok.thakur374@example.com', '9721264647', 'Gopalganj, Bihar', '2025-08-08'),
('Swati', 'Chatterjee', 'Female', '2003-03-10', 'swati.chatterjee106@example.com', '9659657569', 'Patna, Bihar', '2025-08-20'),
('Kunal', 'Prasad', 'Male', '2004-07-11', 'kunal.prasad398@example.com', '9793564651', 'Munger, Bihar', '2024-10-18'),
('Nitin', 'Gupta', 'Male', '2008-08-23', 'nitin.gupta314@example.com', '9741672434', 'Patna, Bihar', '2025-12-13');


INSERT INTO Teachers (first_name, last_name, email, phone, subject_specialization, hire_date) VALUES
('Ramesh', 'Chandra', 'ramesh.chandra@college.com', '9812345011', 'Accountancy', '2019-04-18'),
('Sarita', 'Kumari', 'sarita.kumari@college.com', '9812345012', 'Economics', '2020-06-22'),
('Dinesh', 'Verma', 'dinesh.verma@college.com', '9812345013', 'Statistics', '2018-09-10'),
('Anita', 'Sinha', 'anita.sinha@college.com', '9812345014', 'Business Law', '2021-01-15'),
('Bharat', 'Jha', 'bharat.jha@college.com', '9812345015', 'Marketing', '2017-11-05'),
('Usha', 'Rani', 'usha.rani@college.com', '9812345016', 'Human Resource', '2022-07-08'),
('Girish', 'Nath', 'girish.nath@college.com', '9812345017', 'Networking', '2019-03-25'),
('Kavya', 'Reddy', 'kavya.reddy@college.com', '9812345018', 'Software Engineering', '2020-10-12'),
('Alok', 'Mishra', 'alok.mishra@college.com', '9812345019', 'Operating Systems', '2016-05-30'),
('Farha', 'Khan', 'farha.khan@college.com', '9812345020', 'Data Analytics', '2023-02-14'),
('Tarun', 'Malviya', 'tarun.malviya@college.com', '9812345021', 'Java Programming', '2021-08-19'),
('Ekta', 'Solanki', 'ekta.solanki@college.com', '9812345022', 'Python Programming', '2022-04-03'),
('Om', 'Prakash', 'om.prakash@college.com', '9812345023', 'Cost Accounting', '2018-12-11'),
('Divya', 'Chauhan', 'divya.chauhan@college.com', '9812345024', 'Consumer Behavior', '2020-02-27'),
('Uday', 'Bhardwaj', 'uday.bhardwaj@college.com', '9812345025', 'Cyber Security', '2023-06-09');


INSERT INTO Classes (class_name, academic_year, class_teacher_id) VALUES
('BCA - 1st Year', '2024-2025', 16),
('BCA - 2nd Year', '2024-2025', 17),
('BCA - Final Year', '2024-2025', 18),
('BBA - 1st Year', '2024-2025', 19),
('BBA - 2nd Year', '2024-2025', 20),
('BBA - Final Year', '2024-2025', 21),
('BLIS', '2024-2025', 22),
('MCA - 1st Year', '2024-2025', 23),
('MCA - Final Year', '2024-2025', 24);

INSERT INTO Departments (department_name, head_teacher_id) VALUES
('Computer Applications', 16),
('Business Administration', 19),
('Library and Information Science', 22),
('Master of Computer Applications', 23),
('Commerce', 1),
('Science', 3);

INSERT INTO Courses (course_name, course_code, credits, department_id) VALUES
('Programming Fundamentals', 'BCA101', 4, 1),
('Database Management System', 'BCA102', 4, 1),
('Data Structures', 'BCA103', 4, 1),
('Web Development', 'BCA104', 3, 1),
('Operating Systems', 'BCA105', 3, 1),
('Business Communication', 'BBA101', 3, 2),
('Principles of Management', 'BBA102', 4, 2),
('Marketing Fundamentals', 'BBA103', 3, 2),
('Consumer Behavior', 'BBA104', 3, 2),
('Library Classification', 'BLIS101', 3, 3),
('Information Sources and Services', 'BLIS102', 3, 3),
('Advanced Java Programming', 'MCA101', 4, 4),
('Cyber Security', 'MCA102', 4, 4),
('Data Analytics', 'MCA103', 4, 4),
('Financial Accounting', 'COM101', 4, 5),
('Business Law', 'COM102', 3, 5);


INSERT INTO Enrollments (student_id, course_id, class_id, enrollment_date) VALUES
(116, 29, 35, '2024-10-28'),
(49, 20, 36, '2024-09-21'),
(48, 18, 35, '2024-08-05'),
(24, 16, 34, '2024-09-21'),
(41, 15, 36, '2024-06-02'),
(10, 21, 31, '2024-10-01'),
(119, 25, 35, '2024-10-27'),
(51, 22, 32, '2024-09-01'),
(22, 29, 32, '2024-09-18'),
(22, 23, 33, '2024-12-08'),
(132, 24, 28, '2024-06-19'),
(28, 27, 29, '2024-12-10'),
(99, 17, 28, '2024-12-22'),
(1, 21, 31, '2024-06-16'),
(97, 27, 34, '2024-06-19'),
(51, 23, 33, '2024-06-10'),
(86, 15, 34, '2024-12-04'),
(35, 22, 29, '2024-06-02'),
(120, 30, 30, '2024-11-18'),
(49, 29, 36, '2024-07-24'),
(34, 28, 34, '2024-06-13'),
(108, 21, 28, '2024-08-28'),
(78, 15, 31, '2024-07-13'),
(148, 18, 28, '2024-07-07'),
(114, 23, 28, '2024-12-20'),
(85, 24, 34, '2024-06-03'),
(24, 21, 31, '2024-06-20'),
(95, 26, 35, '2024-07-19'),
(124, 19, 34, '2024-07-21'),
(40, 24, 31, '2024-12-20'),
(64, 21, 30, '2024-11-21'),
(142, 21, 34, '2024-09-20'),
(21, 28, 28, '2024-06-04'),
(10, 23, 31, '2024-11-23'),
(101, 23, 34, '2024-12-20'),
(126, 24, 36, '2024-07-24'),
(18, 19, 31, '2024-09-18'),
(19, 23, 31, '2024-07-24'),
(5, 17, 32, '2024-09-15'),
(64, 16, 28, '2024-07-10');


INSERT INTO Attendance (student_id, class_id, date, status) VALUES
(43, 34, '2024-11-14', 'Present'),
(123, 31, '2024-12-16', 'Late'),
(47, 36, '2024-10-08', 'Present'),
(4, 33, '2024-10-14', 'Present'),
(38, 31, '2024-07-23', 'Present'),
(112, 34, '2024-10-15', 'Present'),
(85, 36, '2024-09-23', 'Present'),
(95, 28, '2024-07-24', 'Present'),
(32, 28, '2024-09-06', 'Late'),
(88, 34, '2024-09-05', 'Present'),
(10, 35, '2024-12-27', 'Present'),
(20, 31, '2024-07-22', 'Late'),
(19, 29, '2024-10-16', 'Late'),
(100, 31, '2024-08-05', 'Late'),
(105, 32, '2024-08-15', 'Late'),
(99, 33, '2024-09-13', 'Present'),
(7, 29, '2024-07-23', 'Absent'),
(1, 35, '2024-06-18', 'Late'),
(134, 31, '2024-10-20', 'Present'),
(143, 29, '2024-07-22', 'Present'),
(90, 33, '2024-08-25', 'Late'),
(79, 31, '2024-06-06', 'Present'),
(45, 34, '2024-08-06', 'Present'),
(134, 31, '2024-09-06', 'Late'),
(4, 33, '2024-09-17', 'Absent'),
(64, 31, '2024-07-18', 'Present'),
(113, 34, '2024-12-24', 'Absent'),
(15, 32, '2024-06-28', 'Present'),
(75, 28, '2024-09-08', 'Present'),
(101, 29, '2024-12-11', 'Present'),
(39, 35, '2024-06-09', 'Present'),
(135, 35, '2024-06-07', 'Present'),
(40, 33, '2024-10-25', 'Absent'),
(125, 35, '2024-08-05', 'Late'),
(71, 30, '2024-12-24', 'Present'),
(98, 30, '2024-11-01', 'Present'),
(84, 31, '2024-12-19', 'Absent'),
(66, 34, '2024-12-26', 'Present'),
(35, 30, '2024-06-13', 'Present'),
(48, 28, '2024-11-15', 'Present'),
(19, 29, '2024-11-10', 'Present'),
(78, 36, '2024-08-13', 'Absent'),
(57, 30, '2024-07-06', 'Absent'),
(52, 36, '2024-12-02', 'Late'),
(130, 28, '2024-12-01', 'Absent'),
(119, 29, '2024-09-25', 'Late'),
(45, 31, '2024-08-23', 'Late'),
(81, 28, '2024-07-13', 'Present'),
(80, 32, '2024-12-17', 'Late'),
(126, 29, '2024-10-20', 'Present'),
(131, 33, '2024-10-10', 'Present'),
(135, 36, '2024-07-03', 'Late'),
(84, 31, '2024-08-03', 'Present'),
(108, 29, '2024-12-03', 'Present'),
(115, 36, '2024-10-01', 'Absent'),
(121, 36, '2024-10-13', 'Absent'),
(19, 31, '2024-06-02', 'Absent'),
(11, 31, '2024-08-23', 'Late'),
(104, 34, '2024-09-26', 'Present'),
(103, 34, '2024-08-16', 'Present');


INSERT INTO Exams (course_id, exam_name, exam_date, total_marks) VALUES
(20, 'Practical Exam', '2025-04-27', 70),
(20, 'Practical Exam', '2025-10-17', 100),
(30, 'Unit Test 2', '2024-05-22', 70),
(28, 'Unit Test 1', '2024-09-16', 100),
(28, 'Unit Test 1', '2024-06-18', 50),
(16, 'Unit Test 1', '2024-05-07', 100),
(26, 'Mid Term Exam', '2024-11-11', 100),
(23, 'Unit Test 1', '2025-01-12', 100),
(27, 'Unit Test 2', '2024-03-22', 50),
(26, 'Practical Exam', '2024-12-22', 50),
(19, 'Mid Term Exam', '2025-02-26', 50),
(16, 'Unit Test 2', '2024-05-12', 50),
(27, 'Unit Test 2', '2025-10-16', 100),
(29, 'Unit Test 1', '2024-08-03', 70),
(27, 'Unit Test 2', '2024-06-04', 50),
(29, 'Practical Exam', '2024-06-28', 70),
(30, 'Mid Term Exam', '2025-12-03', 70),
(23, 'Unit Test 2', '2025-09-14', 70),
(30, 'Unit Test 2', '2025-01-25', 70),
(25, 'Final Term Exam', '2025-02-06', 100);


INSERT INTO Results (student_id, exam_id, marks_obtained, grade) VALUES
(105, 17, 89, 'A'),
(30, 6, 68, 'B'),
(58, 10, 23, 'F'),
(58, 4, 92, 'A+'),
(3, 4, 40, 'D'),
(132, 10, 68, 'B'),
(104, 11, 65, 'B'),
(19, 11, 56, 'C'),
(41, 4, 85, 'A'),
(18, 19, 32, 'F'),
(70, 11, 33, 'F'),
(75, 2, 64, 'B'),
(99, 4, 81, 'A'),
(122, 7, 44, 'D'),
(34, 9, 51, 'C'),
(13, 2, 75, 'B+'),
(10, 11, 67, 'B'),
(121, 15, 95, 'A+'),
(139, 5, 49, 'D'),
(124, 15, 64, 'B'),
(12, 9, 40, 'D'),
(3, 8, 21, 'F'),
(149, 20, 91, 'A+'),
(140, 10, 65, 'B'),
(145, 7, 71, 'B+'),
(29, 12, 63, 'B'),
(29, 8, 97, 'A+'),
(16, 14, 26, 'F'),
(122, 4, 38, 'F'),
(46, 1, 99, 'A+'),
(76, 3, 54, 'C'),
(20, 1, 75, 'B+'),
(71, 6, 87, 'A'),
(50, 2, 55, 'C'),
(124, 9, 28, 'F'),
(132, 20, 62, 'B'),
(140, 16, 28, 'F'),
(73, 16, 58, 'C'),
(103, 13, 58, 'C'),
(141, 15, 29, 'F');

INSERT INTO Fees (student_id, amount, due_date, payment_date, status) VALUES
(24, 8000, '2024-03-24', NULL, 'Unpaid'),
(21, 20000, '2024-03-10', '2024-03-12', 'Paid'),
(121, 15000, '2024-07-13', '2024-07-16', 'Partial'),
(82, 20000, '2024-07-18', '2024-07-18', 'Partial'),
(66, 5000, '2024-04-17', '2024-04-17', 'Partial'),
(147, 12000, '2024-04-02', NULL, 'Unpaid'),
(60, 5000, '2024-09-21', '2024-09-24', 'Partial'),
(50, 8000, '2024-04-14', '2024-04-16', 'Paid'),
(85, 5000, '2024-02-27', NULL, 'Unpaid'),
(80, 10000, '2024-06-20', '2024-06-21', 'Paid'),
(120, 8000, '2024-03-08', NULL, 'Unpaid'),
(142, 8000, '2024-08-07', NULL, 'Unpaid'),
(34, 20000, '2024-12-14', NULL, 'Unpaid'),
(150, 15000, '2024-12-04', NULL, 'Unpaid'),
(21, 10000, '2024-01-27', '2024-01-28', 'Partial'),
(67, 10000, '2024-06-09', '2024-06-09', 'Paid'),
(107, 12000, '2024-08-16', '2024-08-19', 'Paid'),
(68, 15000, '2024-06-04', NULL, 'Unpaid'),
(58, 12000, '2024-09-14', NULL, 'Unpaid'),
(45, 20000, '2024-05-02', '2024-05-07', 'Paid'),
(91, 12000, '2024-06-23', NULL, 'Unpaid'),
(144, 20000, '2024-01-02', NULL, 'Unpaid'),
(52, 12000, '2024-06-16', '2024-06-18', 'Partial'),
(136, 12000, '2024-05-21', NULL, 'Unpaid'),
(54, 20000, '2024-04-06', '2024-04-07', 'Partial'),
(89, 12000, '2024-10-21', NULL, 'Unpaid'),
(3, 20000, '2024-01-18', '2024-01-22', 'Paid'),
(130, 10000, '2024-03-16', '2024-03-21', 'Paid'),
(106, 5000, '2024-07-07', NULL, 'Unpaid'),
(53, 15000, '2024-01-23', '2024-01-24', 'Partial'),
(121, 15000, '2024-08-20', '2024-08-23', 'Paid'),
(7, 10000, '2024-08-09', '2024-08-12', 'Paid'),
(91, 12000, '2024-09-13', NULL, 'Unpaid'),
(20, 5000, '2024-03-14', '2024-03-14', 'Paid'),
(24, 15000, '2024-12-02', '2024-12-07', 'Partial'),
(70, 20000, '2024-12-12', '2024-12-17', 'Paid'),
(142, 5000, '2024-07-18', '2024-07-19', 'Partial'),
(6, 15000, '2024-08-03', '2024-08-05', 'Paid'),
(110, 20000, '2024-01-27', NULL, 'Unpaid'),
(129, 20000, '2024-04-09', '2024-04-10', 'Paid');



INSERT INTO Parents (student_id, name, relation, phone, email) VALUES
(1, 'Manoj Mehta', 'Father', '9351701133', 'manoj.mehta134@example.com'),
(2, 'Ajay Nair', 'Father', '9222287839', 'ajay.nair182@example.com'),
(3, 'Anil Rai', 'Father', '9521722079', 'anil.rai401@example.com'),
(4, 'Sameer Bhatt', 'Father', '9906966309', 'sameer.bhatt994@example.com'),
(5, 'Alok Choudhary', 'Father', '9393478651', 'alok.choudhary638@example.com'),
(6, 'Suresh Singh', 'Father', '9927154160', 'suresh.singh642@example.com'),
(7, 'Anil Choudhary', 'Father', '9712041005', 'anil.choudhary575@example.com'),
(8, 'Manoj Verma', 'Father', '9765288001', 'manoj.verma191@example.com'),
(9, 'Harsh Dubey', 'Father', '9228345408', 'harsh.dubey648@example.com'),
(10, 'Satish Thakur', 'Father', '9945627915', 'satish.thakur724@example.com'),
(11, 'Satish Thakur', 'Father', '9945627915', 'satish.thakur724@example.com'),
(12, 'Bharat Tiwari', 'Father', '9024423621', 'bharat.tiwari291@example.com'),
(13, 'Vaibhav Gupta', 'Father', '9237020434', 'vaibhav.gupta485@example.com'),
(14, 'Praveen Kumar', 'Father', '9484881513', 'praveen.kumar114@example.com'),
(15, 'Kunal Chaudhary', 'Father', '9942811086', 'kunal.chaudhary623@example.com'),
(16, 'Nitin Saxena', 'Father', '9844853761', 'nitin.saxena156@example.com'),
(17, 'Tarun Tiwari', 'Father', '9688966178', 'tarun.tiwari464@example.com'),
(18, 'Ajay Nair', 'Father', '9222287839', 'ajay.nair182@example.com'),
(19, 'Ravi Chaudhary', 'Father', '9578688646', 'ravi.chaudhary864@example.com'),
(20, 'Praveen Mehta', 'Father', '9450134089', 'praveen.mehta910@example.com'),
(21, 'Manoj Saxena', 'Father', '9389557337', 'manoj.saxena691@example.com'),
(22, 'Manoj Saxena', 'Father', '9389557337', 'manoj.saxena691@example.com'),
(23, 'Harsh Bhatt', 'Father', '9271598366', 'harsh.bhatt489@example.com'),
(24, 'Ajay Agarwal', 'Father', '9961415790', 'ajay.agarwal148@example.com'),
(25, 'Vinay Agarwal', 'Father', '9659069400', 'vinay.agarwal619@example.com'),
(26, 'Kunal Chaudhary', 'Father', '9701936459', 'kunal.chaudhary679@example.com'),
(27, 'Ramesh Singh', 'Father', '9881152055', 'ramesh.singh359@example.com'),
(28, 'Dinesh Pandey', 'Father', '9638451749', 'dinesh.pandey172@example.com'),
(29, 'Sameer Mehta', 'Father', '9004144544', 'sameer.mehta482@example.com'),
(30, 'Rakesh Verma', 'Father', '9051410501', 'rakesh.verma662@example.com'),
(31, 'Ravi Verma', 'Father', '9321565587', 'ravi.verma431@example.com'),
(32, 'Kunal Gupta', 'Father', '9090028500', 'kunal.gupta989@example.com'),
(33, 'Sunil Nair', 'Father', '9559026266', 'sunil.nair928@example.com'),
(34, 'Harsh Verma', 'Father', '9219972771', 'harsh.verma630@example.com'),
(35, 'Vaibhav Mehta', 'Father', '9829550697', 'vaibhav.mehta173@example.com'),
(36, 'Rajesh Chaudhary', 'Father', '9225607918', 'rajesh.chaudhary748@example.com'),
(37, 'Sameer Thakur', 'Father', '9439738461', 'sameer.thakur231@example.com'),
(38, 'Vinod Gupta', 'Father', '9614082374', 'vinod.gupta496@example.com'),
(39, 'Anil Rai', 'Father', '9521722079', 'anil.rai401@example.com'),
(40, 'Harsh Dubey', 'Father', '9228345408', 'harsh.dubey648@example.com'),
(41, 'Umesh Bhatt', 'Father', '9790916554', 'umesh.bhatt712@example.com'),
(42, 'Ashok Mehta', 'Father', '9840365785', 'ashok.mehta866@example.com'),
(43, 'Vaibhav Kumar', 'Father', '9045654390', 'vaibhav.kumar288@example.com'),
(44, 'Satish Pandey', 'Father', '9173485457', 'satish.pandey474@example.com'),
(45, 'Sameer Rai', 'Father', '9669292816', 'sameer.rai723@example.com'),
(46, 'Ravi Saxena', 'Father', '9787710942', 'ravi.saxena588@example.com'),
(47, 'Anil Saxena', 'Father', '9260696483', 'anil.saxena101@example.com'),
(48, 'Anil Rai', 'Father', '9521722079', 'anil.rai401@example.com'),
(49, 'Umesh Verma', 'Father', '9213651849', 'umesh.verma283@example.com'),
(50, 'Girish Saxena', 'Father', '9498171879', 'girish.saxena205@example.com'),
(51, 'Kunal Gupta', 'Father', '9164091122', 'kunal.gupta810@example.com'),
(52, 'Mukesh Yadav', 'Father', '9975347279', 'mukesh.yadav637@example.com'),
(53, 'Vaibhav Saxena', 'Father', '9066594100', 'vaibhav.saxena644@example.com'),
(54, 'Vinod Dubey', 'Father', '9071960100', 'vinod.dubey843@example.com'),
(55, 'Harsh Dubey', 'Father', '9080912425', 'harsh.dubey161@example.com'),
(56, 'Girish Singh', 'Father', '9280533600', 'girish.singh969@example.com'),
(57, 'Sanjay Chaudhary', 'Father', '9458766496', 'sanjay.chaudhary858@example.com'),
(58, 'Kunal Mehta', 'Father', '9266869409', 'kunal.mehta412@example.com'),
(59, 'Sameer Jaiswal', 'Father', '9141225039', 'sameer.jaiswal738@example.com'),
(60, 'Rakesh Dubey', 'Father', '9342431229', 'rakesh.dubey534@example.com'),
(61, 'Uday Pandey', 'Father', '9878241527', 'uday.pandey877@example.com'),
(62, 'Kunal Gupta', 'Father', '9164091122', 'kunal.gupta810@example.com'),
(63, 'Anil Kumar', 'Father', '9743554378', 'anil.kumar907@example.com'),
(64, 'Sunil Kumar', 'Father', '9175914467', 'sunil.kumar425@example.com'),
(65, 'Ramesh Singh', 'Father', '9709955274', 'ramesh.singh535@example.com'),
(66, 'Umesh Chaudhary', 'Father', '9681385839', 'umesh.chaudhary994@example.com'),
(67, 'Manoj Mehta', 'Father', '9762200020', 'manoj.mehta474@example.com'),
(68, 'Rajesh Saxena', 'Father', '9202205376', 'rajesh.saxena497@example.com'),
(69, 'Nitin Sharma', 'Father', '9298194544', 'nitin.sharma134@example.com'),
(70, 'Tarun Rai', 'Father', '9989822472', 'tarun.rai168@example.com'),
(71, 'Bharat Tiwari', 'Father', '9024423621', 'bharat.tiwari291@example.com'),
(72, 'Praveen Jaiswal', 'Father', '9703842624', 'praveen.jaiswal409@example.com'),
(73, 'Umesh Bhatt', 'Father', '9790916554', 'umesh.bhatt712@example.com'),
(74, 'Satish Mehta', 'Father', '9738628495', 'satish.mehta186@example.com'),
(75, 'Ajay Agarwal', 'Father', '9548696154', 'ajay.agarwal262@example.com'),
(76, 'Tarun Mehta', 'Father', '9836139455', 'tarun.mehta759@example.com'),
(77, 'Sameer Agarwal', 'Father', '9910121836', 'sameer.agarwal866@example.com'),
(78, 'Umesh Mehta', 'Father', '9813717275', 'umesh.mehta653@example.com'),
(79, 'Ramesh Mishra', 'Father', '9309366118', 'ramesh.mishra257@example.com'),
(80, 'Ramesh Yadav', 'Father', '9011831621', 'ramesh.yadav780@example.com'),
(81, 'Alok Kumar', 'Father', '9602945155', 'alok.kumar956@example.com'),
(82, 'Bharat Chaudhary', 'Father', '9878146819', 'bharat.chaudhary579@example.com'),
(83, 'Praveen Chaudhary', 'Father', '9469633880', 'praveen.chaudhary467@example.com'),
(84, 'Manoj Mehta', 'Father', '9926134623', 'manoj.mehta264@example.com'),
(85, 'Dinesh Bhatt', 'Father', '9720022574', 'dinesh.bhatt308@example.com'),
(86, 'Ashok Sharma', 'Father', '9008390613', 'ashok.sharma847@example.com'),
(87, 'Girish Jaiswal', 'Father', '9214714782', 'girish.jaiswal793@example.com'),
(88, 'Sanjay Thakur', 'Father', '9609643829', 'sanjay.thakur325@example.com'),
(89, 'Suresh Dubey', 'Father', '9818962398', 'suresh.dubey975@example.com'),
(90, 'Kunal Chaudhary', 'Father', '9701936459', 'kunal.chaudhary679@example.com'),
(91, 'Sameer Agarwal', 'Father', '9910121836', 'sameer.agarwal866@example.com'),
(92, 'Vinod Rai', 'Father', '9773187766', 'vinod.rai704@example.com'),
(93, 'Mukesh Jaiswal', 'Father', '9731791442', 'mukesh.jaiswal109@example.com'),
(94, 'Mukesh Jaiswal', 'Father', '9731791442', 'mukesh.jaiswal109@example.com'),
(95, 'Anil Jaiswal', 'Father', '9704356466', 'anil.jaiswal144@example.com'),
(96, 'Anil Mehta', 'Father', '9538230923', 'anil.mehta233@example.com'),
(97, 'Praveen Verma', 'Father', '9973453157', 'praveen.verma708@example.com'),
(98, 'Uday Rai', 'Father', '9325940606', 'uday.rai477@example.com'),
(99, 'Tarun Tiwari', 'Father', '9688966178', 'tarun.tiwari464@example.com'),
(100, 'Anil Saxena', 'Father', '9260696483', 'anil.saxena101@example.com'),
(101, 'Gopal Bhatt', 'Father', '9534532524', 'gopal.bhatt639@example.com'),
(102, 'Ravi Chaudhary', 'Father', '9578688646', 'ravi.chaudhary864@example.com'),
(103, 'Ramesh Nair', 'Father', '9907070012', 'ramesh.nair583@example.com'),
(104, 'Bharat Chaudhary', 'Father', '9878146819', 'bharat.chaudhary579@example.com'),
(105, 'Ramesh Mishra', 'Father', '9309366118', 'ramesh.mishra257@example.com'),
(106, 'Sameer Jaiswal', 'Father', '9141225039', 'sameer.jaiswal738@example.com'),
(107, 'Vinay Sharma', 'Father', '9400297332', 'vinay.sharma177@example.com'),
(108, 'Praveen Mehta', 'Father', '9450134089', 'praveen.mehta910@example.com'),
(109, 'Satish Thakur', 'Father', '9945627915', 'satish.thakur724@example.com'),
(110, 'Anil Jaiswal', 'Father', '9704356466', 'anil.jaiswal144@example.com'),
(111, 'Bharat Chaudhary', 'Father', '9878146819', 'bharat.chaudhary579@example.com'),
(112, 'Vaibhav Mehta', 'Father', '9829550697', 'vaibhav.mehta173@example.com'),
(113, 'Mukesh Jaiswal', 'Father', '9176365104', 'mukesh.jaiswal539@example.com'),
(114, 'Ramesh Pandey', 'Father', '9447364520', 'ramesh.pandey669@example.com'),
(115, 'Umesh Bhatt', 'Father', '9790916554', 'umesh.bhatt712@example.com'),
(116, 'Vinod Gupta', 'Father', '9768847761', 'vinod.gupta389@example.com'),
(117, 'Rakesh Dubey', 'Father', '9342431229', 'rakesh.dubey534@example.com'),
(118, 'Vinay Gupta', 'Father', '9119215518', 'vinay.gupta732@example.com'),
(119, 'Ashok Sharma', 'Father', '9008390613', 'ashok.sharma847@example.com'),
(120, 'Manoj Singh', 'Father', '9998305635', 'manoj.singh175@example.com'),
(121, 'Sameer Thakur', 'Father', '9439738461', 'sameer.thakur231@example.com'),
(122, 'Uday Pandey', 'Father', '9878241527', 'uday.pandey877@example.com'),
(123, 'Naveen Sharma', 'Father', '9130278447', 'naveen.sharma480@example.com'),
(124, 'Rajesh Sharma', 'Father', '9646428370', 'rajesh.sharma519@example.com'),
(125, 'Umesh Saxena', 'Father', '9863644185', 'umesh.saxena422@example.com'),
(126, 'Praveen Mishra', 'Father', '9186032047', 'praveen.mishra264@example.com'),
(127, 'Vaibhav Kumar', 'Father', '9045654390', 'vaibhav.kumar288@example.com'),
(128, 'Ajay Rai', 'Father', '9146191509', 'ajay.rai194@example.com'),
(129, 'Nitin Choudhary', 'Father', '9559911598', 'nitin.choudhary391@example.com'),
(130, 'Umesh Verma', 'Father', '9213651849', 'umesh.verma283@example.com'),
(131, 'Tarun Tiwari', 'Father', '9688966178', 'tarun.tiwari464@example.com'),
(132, 'Anil Chaudhary', 'Father', '9297080958', 'anil.chaudhary711@example.com'),
(133, 'Uday Rai', 'Father', '9325940606', 'uday.rai477@example.com'),
(134, 'Ramesh Singh', 'Father', '9890246174', 'ramesh.singh737@example.com'),
(135, 'Vinay Rai', 'Father', '9927760950', 'vinay.rai693@example.com'),
(136, 'Ashok Mehta', 'Father', '9840365785', 'ashok.mehta866@example.com'),
(137, 'Vinay Sharma', 'Father', '9148639369', 'vinay.sharma751@example.com'),
(138, 'Kunal Chaudhary', 'Father', '9701936459', 'kunal.chaudhary679@example.com'),
(139, 'Ravi Saxena', 'Father', '9200663621', 'ravi.saxena416@example.com'),
(140, 'Kunal Rai', 'Father', '9721284415', 'kunal.rai958@example.com'),
(141, 'Sameer Yadav', 'Father', '9768160106', 'sameer.yadav899@example.com'),
(142, 'Alok Singh', 'Father', '9284569958', 'alok.singh750@example.com'),
(143, 'Uday Rai', 'Father', '9325940606', 'uday.rai477@example.com'),
(144, 'Sunil Agarwal', 'Father', '9767878882', 'sunil.agarwal547@example.com'),
(145, 'Praveen Verma', 'Father', '9973453157', 'praveen.verma708@example.com'),
(146, 'Ajay Nair', 'Father', '9222287839', 'ajay.nair182@example.com'),
(147, 'Harsh Jaiswal', 'Father', '9404451307', 'harsh.jaiswal613@example.com'),
(148, 'Mukesh Jaiswal', 'Father', '9731791442', 'mukesh.jaiswal109@example.com'),
(149, 'Ravi Chaudhary', 'Father', '9578688646', 'ravi.chaudhary864@example.com'),
(150, 'Anil Kumar', 'Father', '9743554378', 'anil.kumar907@example.com');

INSERT INTO Timetable (class_id, course_id, teacher_id, day_of_week, start_time, end_time) VALUES
(34, 21, 21, 'Tuesday', '15:00:00', '16:00:00'),
(28, 15, 29, 'Wednesday', '15:00:00', '16:00:00'),
(35, 19, 19, 'Monday', '15:00:00', '16:00:00'),
(30, 20, 23, 'Thursday', '11:00:00', '12:00:00'),
(34, 19, 20, 'Tuesday', '09:00:00', '10:00:00'),
(35, 25, 16, 'Tuesday', '10:00:00', '11:00:00'),
(35, 21, 19, 'Tuesday', '09:00:00', '10:00:00'),
(31, 29, 28, 'Friday', '09:00:00', '10:00:00'),
(35, 27, 24, 'Thursday', '12:00:00', '13:00:00'),
(36, 17, 23, 'Tuesday', '12:00:00', '13:00:00'),
(28, 19, 18, 'Thursday', '11:00:00', '12:00:00'),
(28, 19, 17, 'Friday', '14:00:00', '15:00:00'),
(29, 27, 20, 'Wednesday', '15:00:00', '16:00:00'),
(31, 28, 21, 'Friday', '09:00:00', '10:00:00'),
(35, 26, 25, 'Wednesday', '14:00:00', '15:00:00'),
(34, 20, 21, 'Wednesday', '15:00:00', '16:00:00'),
(34, 25, 22, 'Thursday', '09:00:00', '10:00:00'),
(32, 28, 28, 'Tuesday', '12:00:00', '13:00:00'),
(33, 16, 16, 'Wednesday', '10:00:00', '11:00:00'),
(36, 29, 27, 'Saturday', '11:00:00', '12:00:00'),
(29, 16, 27, 'Wednesday', '10:00:00', '11:00:00'),
(28, 26, 24, 'Tuesday', '15:00:00', '16:00:00'),
(31, 15, 22, 'Thursday', '10:00:00', '11:00:00'),
(34, 16, 27, 'Friday', '15:00:00', '16:00:00'),
(30, 30, 20, 'Saturday', '14:00:00', '15:00:00'),
(32, 17, 30, 'Saturday', '11:00:00', '12:00:00'),
(36, 29, 19, 'Wednesday', '15:00:00', '16:00:00'),
(28, 16, 29, 'Wednesday', '10:00:00', '11:00:00'),
(31, 27, 30, 'Friday', '10:00:00', '11:00:00'),
(35, 27, 25, 'Saturday', '15:00:00', '16:00:00');


SELECT *from student ,teachers,courses,departments,classes,enrollments,attendance,exams,results,fees,parents,timetable;











